TipoVeiculo,TipoCombustivel,ConsumoMedio,QuilometragemMensal,CustoCombustivelEnergia,CustoMensalOperacional,EmissoesCO2
Combustão,Diesel,13.77,2296.78,6.28,1047.05,404168.97
Combustão,Etanol,12.27,2977.47,6.61,1604.6,577599.8
Combustão,Diesel,14.7,2718.55,5.36,990.45,486418.16
Combustão,Diesel,5.67,2211.83,5.29,2063.74,938323.41
Combustão,Etanol,6.63,907.61,5.39,737.15,350557.03
Elétrico,Eletricidade,14.8,1318.81,0.83,162.74,0.0
Elétrico,Eletricidade,14.5,639.13,0.85,79.2,0.0
Elétrico,Eletricidade,19.4,1541.99,0.77,231.32,0.0
Elétrico,Eletricidade,15.58,711.38,0.81,89.99,0.0
Elétrico,Eletricidade,13.01,1992.5,0.77,199.0,0.0
Combustão,Diesel,6.36,1695.58,5.72,1523.65,712423.2
Combustão,Etanol,9.12,1109.15,5.13,623.44,307538.13
Elétrico,Eletricidade,18.41,2250.14,0.88,363.96,0.0
Elétrico,Eletricidade,18.69,1760.01,0.78,255.55,0.0
Combustão,Diesel,8.0,1197.68,5.99,896.75,394932.56
Combustão,Diesel,10.0,1567.46,6.0,940.83,417012.58
Elétrico,Eletricidade,12.91,1545.02,0.77,153.33,0.0
Combustão,Diesel,6.8,2310.37,6.89,2339.85,872826.07
Elétrico,Eletricidade,15.48,2421.07,0.7,263.96,0.0
Combustão,Gasolina,12.86,1100.46,5.03,430.28,221374.82
Combustão,Gasolina,12.37,1488.05,5.15,619.8,286142.09
Combustão,Gasolina,10.99,1114.39,5.48,555.64,252234.92
Combustão,Etanol,7.95,2881.78,6.44,2334.5,906930.39
Elétrico,Eletricidade,16.92,2515.13,0.87,370.67,0.0
Elétrico,Eletricidade,17.79,2194.06,0.75,291.33,0.0
Elétrico,Eletricidade,18.7,2594.82,0.78,378.55,0.0
Elétrico,Eletricidade,17.23,1183.25,0.7,143.55,0.0
Combustão,Gasolina,14.22,1563.15,5.5,604.23,275470.73
Elétrico,Eletricidade,12.05,1357.23,0.71,116.83,0.0
Combustão,Etanol,11.43,1387.24,6.7,813.31,318993.21
Combustão,Gasolina,13.0,2333.64,5.01,900.24,471640.66
Elétrico,Eletricidade,14.24,2068.99,0.79,232.69,0.0
Combustão,Etanol,7.29,2714.41,6.48,2410.81,998487.63
Combustão,Etanol,8.96,1725.46,6.08,1171.65,506381.35
Elétrico,Eletricidade,17.6,927.22,0.71,115.58,0.0
Elétrico,Eletricidade,13.47,2226.85,0.86,259.07,0.0
Elétrico,Eletricidade,16.75,1262.37,0.8,168.78,0.0
Elétrico,Eletricidade,15.13,879.71,0.73,97.47,0.0
Combustão,Diesel,13.55,1451.73,6.82,730.69,252514.26
Elétrico,Eletricidade,16.63,2931.28,0.74,358.89,0.0
Elétrico,Eletricidade,19.19,1603.05,0.73,223.95,0.0
Elétrico,Eletricidade,12.43,602.13,0.85,63.45,0.0
Combustão,Diesel,5.59,1984.56,6.11,2170.93,927164.62
Combustão,Diesel,6.15,1020.1,6.5,1078.13,409800.4
Elétrico,Eletricidade,18.7,1870.58,0.84,294.11,0.0
Combustão,Diesel,11.41,2616.82,5.52,1266.83,547020.24
Elétrico,Eletricidade,18.04,2301.43,0.74,308.95,0.0
Combustão,Diesel,13.57,543.12,5.69,227.7,96081.02
Elétrico,Eletricidade,12.78,1875.71,0.75,179.84,0.0
Combustão,Etanol,9.28,1827.61,6.09,1199.14,468716.61
Elétrico,Eletricidade,16.81,2865.12,0.72,346.68,0.0
Combustão,Etanol,11.56,1790.83,5.01,776.84,376394.56
Combustão,Gasolina,9.64,2402.36,5.44,1356.06,653241.4
Elétrico,Eletricidade,15.47,806.89,0.87,109.13,0.0
Elétrico,Eletricidade,13.71,2501.08,0.87,298.27,0.0
Elétrico,Eletricidade,18.55,1278.64,0.76,180.14,0.0
Elétrico,Eletricidade,17.61,736.75,0.87,113.36,0.0
Elétrico,Eletricidade,15.03,602.74,0.82,74.24,0.0
Combustão,Diesel,5.49,2634.25,6.39,3065.7,1205151.38
Combustão,Diesel,10.04,2411.73,6.41,1540.59,624531.59
Combustão,Gasolina,11.16,1494.87,5.76,771.53,355824.16
Combustão,Gasolina,9.67,1930.82,6.84,1366.1,535255.91
Combustão,Gasolina,13.71,2296.87,6.1,1022.36,420561.02
Elétrico,Eletricidade,15.67,2337.66,0.86,316.55,0.0
Elétrico,Eletricidade,15.72,530.98,0.74,61.48,0.0
Combustão,Diesel,11.99,1281.62,5.21,556.36,249064.46
Elétrico,Eletricidade,13.5,2949.05,0.82,326.2,0.0
Elétrico,Eletricidade,17.03,2976.58,0.86,434.6,0.0
Elétrico,Eletricidade,18.08,757.23,0.81,111.06,0.0
Combustão,Gasolina,11.71,942.57,6.74,542.17,212667.36
Elétrico,Eletricidade,12.29,818.56,0.77,77.18,0.0
Elétrico,Eletricidade,17.89,1096.44,0.75,146.4,0.0
Elétrico,Eletricidade,16.11,1580.96,0.83,211.28,0.0
Elétrico,Eletricidade,13.17,1434.73,0.74,139.9,0.0
Elétrico,Eletricidade,19.18,1546.68,0.83,247.56,0.0
Elétrico,Eletricidade,15.35,2900.08,0.79,350.86,0.0
Combustão,Etanol,6.39,1437.8,6.95,1564.12,542484.62
Elétrico,Eletricidade,14.87,1174.8,0.81,141.6,0.0
Combustão,Etanol,11.08,1838.78,5.07,841.87,389577.36
Elétrico,Eletricidade,18.0,560.03,0.85,85.25,0.0
Combustão,Diesel,6.49,2946.13,5.34,2424.63,1212321.85
Combustão,Diesel,11.47,2809.59,6.57,1609.8,564307.21
Elétrico,Eletricidade,13.53,1810.13,0.71,173.55,0.0
Combustão,Gasolina,8.8,540.03,6.56,402.48,146923.86
Elétrico,Eletricidade,19.45,894.55,0.76,131.65,0.0
Elétrico,Eletricidade,14.71,1571.99,0.8,184.49,0.0
Combustão,Etanol,10.88,2427.08,5.2,1160.84,537018.16
Combustão,Etanol,5.87,2823.25,6.09,2929.27,1181080.6
Combustão,Gasolina,7.0,1711.25,5.59,1366.22,577188.4
Elétrico,Eletricidade,19.57,1512.4,0.87,258.09,0.0
Combustão,Diesel,10.65,691.4,6.89,447.24,166603.71
Elétrico,Eletricidade,19.41,1600.45,0.85,263.53,0.0
Combustão,Gasolina,11.29,1195.42,6.72,712.25,268335.94
Elétrico,Eletricidade,15.27,2202.6,0.72,243.46,0.0
Combustão,Gasolina,7.08,1359.83,6.07,1166.7,452971.94
Elétrico,Eletricidade,12.75,2285.91,0.84,244.31,0.0
Elétrico,Eletricidade,18.65,978.19,0.89,163.24,0.0
Elétrico,Eletricidade,13.19,2961.68,0.82,321.13,0.0
Combustão,Gasolina,5.85,1488.9,6.98,1775.1,674714.8
Elétrico,Eletricidade,19.41,2416.92,0.74,347.07,0.0
Elétrico,Eletricidade,16.32,1009.42,0.87,143.75,0.0
Elétrico,Eletricidade,17.94,1466.47,0.76,199.56,0.0
Elétrico,Eletricidade,17.03,2767.34,0.75,355.37,0.0
Elétrico,Eletricidade,14.84,782.33,0.78,90.55,0.0
Elétrico,Eletricidade,13.66,948.69,0.87,112.72,0.0
Elétrico,Eletricidade,16.16,1456.88,0.87,205.54,0.0
Elétrico,Eletricidade,13.22,2600.97,0.88,304.13,0.0
Combustão,Gasolina,5.64,2251.54,5.21,2081.39,931706.16
Elétrico,Eletricidade,19.83,1659.8,0.78,256.06,0.0
Elétrico,Eletricidade,19.96,662.31,0.73,97.01,0.0
Elétrico,Eletricidade,13.59,1829.26,0.78,192.73,0.0
Elétrico,Eletricidade,18.28,2155.3,0.88,346.13,0.0
Combustão,Diesel,14.62,2800.08,5.44,1042.33,451240.06
Combustão,Etanol,13.62,1288.58,6.11,577.85,221361.23
Elétrico,Eletricidade,16.93,2743.47,0.82,378.72,0.0
Elétrico,Eletricidade,19.73,1893.89,0.86,321.17,0.0
Combustão,Gasolina,11.15,914.98,6.12,502.1,207407.22
Elétrico,Eletricidade,14.08,2428.47,0.86,295.27,0.0
Combustão,Gasolina,5.34,804.44,5.92,893.2,367156.02
Elétrico,Eletricidade,14.03,1587.63,0.84,187.06,0.0
Elétrico,Eletricidade,16.48,1510.0,0.82,202.94,0.0
Combustão,Etanol,6.5,2565.74,6.6,2607.08,980832.78
Combustão,Gasolina,14.49,2474.53,6.55,1118.48,438293.22
Elétrico,Eletricidade,16.71,2252.01,0.89,334.85,0.0
Combustão,Etanol,5.81,1836.78,6.68,2110.68,838879.2
Elétrico,Eletricidade,17.62,1906.27,0.87,291.48,0.0
Combustão,Etanol,12.41,2805.13,6.25,1413.27,522926.23
Elétrico,Eletricidade,15.27,2150.92,0.78,256.07,0.0
Combustão,Etanol,8.16,2655.84,5.27,1712.77,784706.09
Elétrico,Eletricidade,15.24,1446.14,0.81,178.32,0.0
Combustão,Gasolina,13.33,2837.1,5.02,1069.59,564580.56
Combustão,Etanol,10.09,1800.4,6.78,1210.8,429866.56
Elétrico,Eletricidade,15.54,2647.69,0.88,362.7,0.0
Elétrico,Eletricidade,12.82,1165.11,0.86,128.65,0.0
Elétrico,Eletricidade,14.94,1835.34,0.79,216.04,0.0
Combustão,Gasolina,14.87,759.08,5.64,288.21,121954.24
Combustão,Diesel,12.76,2218.92,5.07,881.27,432179.3
Combustão,Etanol,12.03,2774.04,6.05,1395.32,610963.84
Elétrico,Eletricidade,17.25,1513.9,0.82,213.81,0.0
Combustão,Gasolina,10.75,2324.03,5.5,1189.17,565372.03
Elétrico,Eletricidade,16.35,1994.2,0.9,293.5,0.0
Elétrico,Eletricidade,15.84,2317.02,0.8,294.41,0.0
Combustão,Etanol,9.13,2811.94,6.18,1904.15,795477.47
Combustão,Etanol,13.04,1147.89,6.52,573.85,214176.06
Combustão,Diesel,10.67,1756.55,6.99,1150.72,423229.04
Elétrico,Eletricidade,18.71,2693.34,0.79,397.29,0.0
Combustão,Gasolina,10.61,2519.22,5.09,1207.75,550059.96
Combustão,Gasolina,9.27,1220.45,6.9,908.35,344685.33
Combustão,Gasolina,11.5,1566.27,5.88,800.57,343038.46
Elétrico,Eletricidade,16.61,1613.95,0.76,203.97,0.0
Elétrico,Eletricidade,17.15,2160.18,0.77,286.19,0.0
Elétrico,Eletricidade,13.26,1048.17,0.83,114.89,0.0
Elétrico,Eletricidade,15.29,1425.44,0.78,170.25,0.0
Combustão,Etanol,9.98,685.61,6.25,429.63,173714.22
Elétrico,Eletricidade,13.17,2954.78,0.89,347.21,0.0
Combustão,Gasolina,10.22,1411.84,6.87,949.84,334656.23
Elétrico,Eletricidade,13.47,1947.25,0.88,229.61,0.0
Elétrico,Eletricidade,16.74,1236.27,0.73,151.56,0.0
Elétrico,Eletricidade,17.8,1333.0,0.8,190.37,0.0
Elétrico,Eletricidade,16.52,2265.75,0.86,321.83,0.0
Combustão,Etanol,10.02,2251.13,6.93,1556.56,550893.01
Elétrico,Eletricidade,19.86,1789.88,0.82,291.5,0.0
Combustão,Etanol,6.16,1927.41,5.99,1873.75,748567.59
Combustão,Gasolina,7.69,830.41,6.73,726.79,284694.44
Combustão,Etanol,5.4,2792.83,6.26,3235.68,1242592.89
Combustão,Etanol,11.45,2127.83,6.49,1205.96,475784.93
Combustão,Gasolina,8.84,2187.27,6.44,1593.23,655788.91
Combustão,Etanol,5.93,2295.05,6.12,2370.73,1012382.84
Elétrico,Eletricidade,13.93,1262.99,0.73,129.2,0.0
Elétrico,Eletricidade,19.72,2271.94,0.89,400.56,0.0
Combustão,Diesel,5.49,1502.59,5.37,1470.03,631017.94
Combustão,Gasolina,6.51,1036.92,6.55,1042.89,377997.65
Elétrico,Eletricidade,15.05,2272.8,0.87,297.81,0.0
Elétrico,Eletricidade,13.86,1173.78,0.85,138.91,0.0
Combustão,Diesel,10.67,1577.14,6.33,934.8,393453.75
Combustão,Gasolina,6.14,729.99,6.09,723.97,273569.83
Combustão,Diesel,14.1,1682.1,6.12,730.49,307880.29
Elétrico,Eletricidade,18.1,951.89,0.72,124.52,0.0
Combustão,Diesel,12.37,2966.54,6.73,1614.22,623841.53
Combustão,Gasolina,10.38,977.3,6.06,570.71,227560.04
Elétrico,Eletricidade,15.04,503.27,0.82,61.79,0.0
Elétrico,Eletricidade,14.82,1541.91,0.79,179.49,0.0
Combustão,Diesel,11.17,2749.35,6.42,1580.76,655455.88
Elétrico,Eletricidade,12.95,1007.64,0.86,112.51,0.0
Combustão,Diesel,7.72,1369.73,6.68,1185.33,463449.08
Elétrico,Eletricidade,18.28,2177.97,0.74,295.46,0.0
Elétrico,Eletricidade,18.37,2800.15,0.84,433.39,0.0
Elétrico,Eletricidade,16.28,1656.46,0.76,204.11,0.0
Elétrico,Eletricidade,16.88,2692.99,0.71,322.68,0.0
Combustão,Diesel,5.77,1226.65,6.24,1327.64,573634.34
Elétrico,Eletricidade,14.8,2432.69,0.88,317.48,0.0
Combustão,Gasolina,10.28,1614.92,5.59,878.69,395250.82
Elétrico,Eletricidade,15.17,2464.89,0.79,295.15,0.0
Elétrico,Eletricidade,12.3,1725.08,0.82,174.46,0.0
Elétrico,Eletricidade,17.72,1414.83,0.79,196.78,0.0
Combustão,Gasolina,11.93,1357.63,5.21,592.56,292481.71
Elétrico,Eletricidade,14.01,1176.73,0.71,116.59,0.0
Elétrico,Eletricidade,13.1,1886.5,0.76,188.79,0.0
Combustão,Diesel,13.8,1439.71,6.24,651.22,244861.15
Elétrico,Eletricidade,19.85,1127.75,0.78,173.97,0.0
Combustão,Gasolina,6.53,1775.83,5.62,1530.39,646607.05
Elétrico,Eletricidade,16.12,2221.96,0.89,319.14,0.0
Combustão,Diesel,10.22,2741.38,6.98,1872.24,656756.01
Combustão,Gasolina,11.64,1294.21,5.42,602.8,271408.25
Combustão,Gasolina,13.95,2872.16,5.78,1189.98,555060.74
Combustão,Etanol,10.65,639.58,5.71,343.12,140960.74
Elétrico,Eletricidade,15.78,1498.91,0.86,203.97,0.0
Combustão,Etanol,10.94,697.72,5.39,343.83,149014.68
Combustão,Diesel,5.29,2822.35,6.46,3443.71,1310378.38
Elétrico,Eletricidade,19.88,2857.62,0.71,404.97,0.0
Combustão,Diesel,9.2,1737.53,6.68,1260.93,449804.42
Elétrico,Eletricidade,16.95,1288.16,0.78,171.11,0.0
Combustão,Gasolina,6.94,2542.18,5.82,2130.4,938027.36
Elétrico,Eletricidade,14.59,1938.37,0.75,210.78,0.0
Elétrico,Eletricidade,17.69,1065.14,0.88,166.42,0.0
Combustão,Gasolina,6.77,2743.2,5.23,2119.15,1030037.76
Elétrico,Eletricidade,13.11,972.47,0.82,104.19,0.0
Elétrico,Eletricidade,14.09,2762.36,0.82,320.04,0.0
Combustão,Gasolina,8.74,2130.3,5.95,1449.7,639129.8
Elétrico,Eletricidade,12.0,2048.62,0.86,210.37,0.0
Combustão,Diesel,14.68,1561.8,5.65,600.89,282002.18
Elétrico,Eletricidade,14.97,1559.71,0.77,180.63,0.0
Combustão,Etanol,13.57,2972.25,6.41,1404.17,515581.11
Combustão,Etanol,13.07,2341.47,6.73,1205.48,481359.97
Combustão,Etanol,10.72,1561.85,6.79,988.38,392614.58
Elétrico,Eletricidade,19.04,2639.97,0.73,369.48,0.0
Combustão,Diesel,14.28,1067.32,6.86,512.66,186544.95
Elétrico,Eletricidade,16.33,1262.37,0.7,144.92,0.0
Combustão,Gasolina,8.21,995.83,6.0,728.35,292937.09
Elétrico,Eletricidade,13.67,1796.46,0.9,220.44,0.0
Elétrico,Eletricidade,13.72,689.72,0.73,69.1,0.0
Elétrico,Eletricidade,14.73,2966.98,0.76,332.17,0.0
Elétrico,Eletricidade,18.77,1882.04,0.87,308.61,0.0
Elétrico,Eletricidade,14.28,1098.2,0.9,140.38,0.0
Combustão,Etanol,7.81,1650.22,6.86,1450.36,539873.26
Elétrico,Eletricidade,15.01,2535.22,0.85,323.63,0.0
Elétrico,Eletricidade,13.19,592.14,0.7,55.03,0.0
Elétrico,Eletricidade,14.13,2985.86,0.76,321.86,0.0
Combustão,Gasolina,11.78,2553.11,5.9,1278.97,558920.89
Combustão,Etanol,12.99,2481.32,6.37,1216.82,475258.12
Combustão,Gasolina,10.55,1329.98,6.58,830.04,317021.6
Combustão,Gasolina,6.81,1895.26,5.14,1430.29,669466.83
Combustão,Diesel,11.89,886.41,5.46,406.93,193928.31
Combustão,Gasolina,8.01,1492.43,6.56,1221.49,485390.39
Combustão,Etanol,7.54,1216.28,6.89,1112.28,408708.33
Elétrico,Eletricidade,15.76,2428.14,0.79,301.34,0.0
Combustão,Gasolina,13.48,1681.76,6.88,858.21,305056.23
Combustão,Etanol,8.08,1259.72,6.78,1056.26,374957.57
Combustão,Gasolina,8.5,1221.49,6.85,983.64,366512.11
Elétrico,Eletricidade,19.65,615.25,0.73,87.68,0.0
Elétrico,Eletricidade,18.64,1722.75,0.71,226.77,0.0
Elétrico,Eletricidade,18.7,1768.41,0.88,291.98,0.0
Elétrico,Eletricidade,14.17,2624.38,0.84,312.34,0.0
Combustão,Gasolina,11.83,2532.18,6.16,1318.19,535380.19
Combustão,Diesel,5.09,703.92,6.35,877.66,321949.31
Combustão,Gasolina,9.04,2436.89,6.03,1624.98,634478.71
Combustão,Diesel,13.63,845.68,5.25,325.45,148151.23
Combustão,Gasolina,14.37,2645.79,6.04,1110.96,456203.3
Elétrico,Eletricidade,12.21,2694.99,0.71,233.3,0.0
Combustão,Gasolina,7.32,722.56,6.24,615.54,228275.08
Combustão,Diesel,9.94,797.53,6.98,559.65,188832.39
Combustão,Etanol,6.0,809.82,6.19,835.48,318256.85
Combustão,Gasolina,8.31,713.12,6.83,586.33,199600.43
Elétrico,Eletricidade,16.3,2114.38,0.88,303.02,0.0
Combustão,Diesel,7.83,1435.09,6.87,1258.84,487346.6
Combustão,Etanol,14.95,1678.79,5.86,657.85,266807.73
Elétrico,Eletricidade,14.52,2685.08,0.84,327.38,0.0
Elétrico,Eletricidade,17.39,2428.53,0.82,345.97,0.0
Combustão,Diesel,9.69,2434.36,5.24,1315.85,642116.69
Combustão,Gasolina,5.15,2385.53,6.61,3064.2,1198478.86
Combustão,Diesel,10.7,785.49,6.01,441.68,176640.14
Elétrico,Eletricidade,17.74,1730.15,0.8,246.1,0.0
Combustão,Diesel,5.17,1209.96,6.18,1444.64,605178.24
Elétrico,Eletricidade,14.96,1633.42,0.76,184.86,0.0
Elétrico,Eletricidade,16.61,998.01,0.79,131.72,0.0
Combustão,Etanol,10.41,1280.11,6.85,842.25,295659.07
Combustão,Gasolina,14.15,1412.04,6.54,652.61,233216.26
Combustão,Diesel,12.22,1139.79,5.35,498.58,231393.05
Elétrico,Eletricidade,15.3,1059.15,0.76,122.78,0.0
Elétrico,Eletricidade,14.74,1568.79,0.86,198.9,0.0
Combustão,Etanol,5.67,739.25,5.45,710.64,340885.58
Combustão,Gasolina,13.77,1420.0,6.72,693.08,264092.43
Combustão,Etanol,8.78,684.74,6.55,510.74,205131.92
Elétrico,Eletricidade,18.34,1209.35,0.72,159.47,0.0
Combustão,Diesel,11.14,1937.79,6.9,1200.1,403447.19
Elétrico,Eletricidade,17.87,1052.49,0.84,157.15,0.0
Elétrico,Eletricidade,17.33,1247.41,0.71,152.52,0.0
Elétrico,Eletricidade,14.45,2120.29,0.82,249.86,0.0
Elétrico,Eletricidade,18.6,1727.87,0.89,287.28,0.0
Combustão,Diesel,14.62,578.22,6.08,240.4,92492.75
Combustão,Etanol,14.86,2577.13,6.88,1193.14,399229.3
Combustão,Etanol,9.82,1744.73,6.5,1155.38,453793.67
Combustão,Diesel,12.79,542.01,5.96,252.5,105508.25
Elétrico,Eletricidade,18.83,599.11,0.71,79.91,0.0
Combustão,Etanol,9.85,2232.63,5.15,1167.66,535630.89
Elétrico,Eletricidade,19.03,2393.79,0.88,400.5,0.0
Elétrico,Eletricidade,15.22,1260.34,0.8,153.79,0.0
Combustão,Etanol,13.28,2072.05,6.53,1019.37,396456.33
Elétrico,Eletricidade,17.82,1225.59,0.72,156.6,0.0
Combustão,Etanol,5.05,1410.84,5.23,1460.06,713034.92
Combustão,Gasolina,5.16,2128.48,6.39,2631.84,1102828.09
Combustão,Gasolina,14.3,2054.55,5.05,726.5,334351.85
Elétrico,Eletricidade,18.1,2393.78,0.79,343.66,0.0
Combustão,Etanol,12.52,2251.66,6.0,1077.99,416675.1
Elétrico,Eletricidade,19.88,624.3,0.81,101.13,0.0
Elétrico,Eletricidade,13.93,2840.5,0.85,337.68,0.0
Combustão,Diesel,5.61,2882.02,6.62,3396.74,1363253.6
Combustão,Gasolina,7.92,2178.95,6.3,1732.85,717757.61
Elétrico,Eletricidade,14.16,863.67,0.73,88.78,0.0
Combustão,Diesel,11.1,2086.99,5.94,1117.78,495354.28
Elétrico,Eletricidade,19.47,1285.33,0.73,183.55,0.0
Combustão,Diesel,10.02,1212.12,5.83,704.5,308242.92
Elétrico,Eletricidade,15.46,802.38,0.85,105.57,0.0
Elétrico,Eletricidade,18.06,2598.77,0.7,328.95,0.0
Combustão,Diesel,7.2,2531.27,6.04,2121.04,865821.21
Elétrico,Eletricidade,18.99,907.35,0.73,125.1,0.0
Elétrico,Eletricidade,14.73,2691.49,0.7,277.83,0.0
Elétrico,Eletricidade,17.26,643.16,0.72,79.88,0.0
Combustão,Etanol,7.05,1027.0,6.7,975.91,368646.64
Combustão,Diesel,13.99,2356.28,5.1,859.06,387506.19
Combustão,Etanol,12.08,2648.16,6.75,1479.49,534997.31
Elétrico,Eletricidade,13.75,1330.87,0.82,149.48,0.0
Elétrico,Eletricidade,18.56,2244.89,0.71,295.2,0.0
Combustão,Gasolina,9.43,2734.35,6.21,1801.74,724772.06
Elétrico,Eletricidade,17.43,575.79,0.76,76.21,0.0
Combustão,Etanol,11.44,791.44,5.46,377.85,185338.33
Combustão,Gasolina,5.34,2953.79,5.19,2870.07,1409996.63
Elétrico,Eletricidade,12.78,1974.59,0.76,192.08,0.0
Elétrico,Eletricidade,13.39,1648.21,0.76,168.48,0.0
Elétrico,Eletricidade,19.97,1974.08,0.76,300.49,0.0
Elétrico,Eletricidade,18.06,1363.8,0.86,211.94,0.0
Combustão,Etanol,9.19,1825.31,5.52,1095.45,519799.89
Combustão,Diesel,5.09,2528.91,6.87,3413.98,1175292.75
Combustão,Etanol,11.5,2504.9,5.79,1260.23,530856.53
Elétrico,Eletricidade,13.65,2040.3,0.7,196.22,0.0
Elétrico,Eletricidade,12.83,1238.34,0.74,118.06,0.0
Elétrico,Eletricidade,18.33,1432.89,0.83,218.17,0.0
Elétrico,Eletricidade,17.5,2138.99,0.82,305.96,0.0
Combustão,Gasolina,5.7,2054.47,6.08,2193.87,898214.31
Elétrico,Eletricidade,12.82,2792.65,0.72,256.18,0.0
Combustão,Etanol,13.9,755.5,6.22,338.17,142370.62
Elétrico,Eletricidade,15.92,1763.23,0.78,217.76,0.0
Combustão,Diesel,14.11,1383.05,5.37,526.4,252460.02
Combustão,Diesel,13.08,1928.7,5.9,870.17,368653.77
Combustão,Etanol,10.31,1174.41,6.07,691.54,306864.66
Elétrico,Eletricidade,12.76,2966.49,0.82,311.38,0.0
Combustão,Gasolina,12.62,2597.4,6.58,1355.6,519470.42
Elétrico,Eletricidade,14.35,920.33,0.73,96.53,0.0
Combustão,Diesel,10.93,680.02,6.11,380.34,154379.53
Elétrico,Eletricidade,12.95,887.99,0.86,99.33,0.0
Combustão,Gasolina,5.06,2462.76,5.63,2740.05,1261292.63
Combustão,Diesel,9.09,722.31,5.35,425.7,212430.1
Combustão,Gasolina,13.92,2987.37,6.27,1346.64,541653.46
Elétrico,Eletricidade,14.75,2218.78,0.78,256.58,0.0
Elétrico,Eletricidade,17.95,1769.67,0.88,278.25,0.0
Combustão,Etanol,12.57,2876.49,5.19,1186.7,566711.59
Combustão,Gasolina,10.3,2026.04,5.58,1097.27,519095.64
Combustão,Etanol,14.17,699.65,6.85,338.38,133072.26
Combustão,Gasolina,7.5,2472.53,6.07,2002.98,888124.8
Combustão,Etanol,12.48,2102.17,5.85,984.81,410786.31
Elétrico,Eletricidade,12.1,1456.96,0.79,138.88,0.0
Elétrico,Eletricidade,18.04,696.88,0.83,104.53,0.0
Elétrico,Eletricidade,17.81,2775.2,0.72,358.31,0.0
Combustão,Etanol,5.67,808.79,5.88,839.45,360756.11
Combustão,Gasolina,7.78,1125.14,6.38,923.59,348902.88
Combustão,Gasolina,8.79,2851.32,6.29,2040.47,833250.57
Elétrico,Eletricidade,16.38,2111.06,0.79,272.48,0.0
Elétrico,Eletricidade,12.39,946.73,0.88,103.48,0.0
Elétrico,Eletricidade,18.29,2349.22,0.82,352.84,0.0
Combustão,Gasolina,8.99,1511.91,5.15,866.81,419006.24
Elétrico,Eletricidade,19.93,847.15,0.9,151.34,0.0
Combustão,Etanol,7.96,980.44,5.97,735.35,292701.0
Elétrico,Eletricidade,12.75,1444.36,0.87,160.28,0.0
Combustão,Diesel,5.36,2677.42,6.1,3047.72,1246607.29
Combustão,Gasolina,13.03,508.47,5.94,231.59,101035.02
Elétrico,Eletricidade,14.88,1265.33,0.83,156.47,0.0
Elétrico,Eletricidade,19.25,2654.93,0.8,410.34,0.0
Elétrico,Eletricidade,14.69,2706.06,0.82,325.91,0.0
Elétrico,Eletricidade,13.15,598.03,0.79,62.31,0.0
Elétrico,Eletricidade,16.51,2107.51,0.87,302.95,0.0
Elétrico,Eletricidade,18.24,2931.58,0.7,376.15,0.0
Combustão,Diesel,13.8,1508.65,5.84,638.69,266022.36
Elétrico,Eletricidade,13.8,2639.92,0.74,271.27,0.0
Elétrico,Eletricidade,18.64,2061.39,0.87,333.77,0.0
Combustão,Etanol,5.72,1495.58,5.15,1346.93,611221.19
Combustão,Etanol,7.65,2825.3,6.59,2433.49,954021.45
Elétrico,Eletricidade,14.84,2789.84,0.72,299.62,0.0
Elétrico,Eletricidade,16.44,1860.5,0.82,250.0,0.0
Elétrico,Eletricidade,17.97,2268.28,0.86,349.19,0.0
Elétrico,Eletricidade,14.05,1403.1,0.8,157.03,0.0
Combustão,Etanol,5.78,2695.46,5.52,2570.87,1181954.81
Elétrico,Eletricidade,14.91,2891.44,0.78,336.91,0.0
Combustão,Etanol,9.12,1165.34,5.89,752.92,334020.46
Combustão,Etanol,7.35,2230.01,5.04,1530.13,707648.54
Elétrico,Eletricidade,18.88,2187.05,0.81,333.79,0.0
Combustão,Diesel,8.41,1104.32,6.27,823.02,303678.51
Elétrico,Eletricidade,17.42,1388.62,0.8,192.42,0.0
Combustão,Diesel,9.12,2694.88,6.38,1885.15,767120.75
Elétrico,Eletricidade,18.23,1316.2,0.8,190.94,0.0
Elétrico,Eletricidade,13.14,2749.29,0.7,254.61,0.0
Elétrico,Eletricidade,12.62,709.92,0.88,78.56,0.0
Elétrico,Eletricidade,18.89,2691.61,0.76,387.74,0.0
Combustão,Gasolina,7.99,2428.57,5.63,1710.75,784507.71
Elétrico,Eletricidade,13.65,1317.08,0.82,148.23,0.0
Elétrico,Eletricidade,15.74,823.2,0.71,91.39,0.0
Elétrico,Eletricidade,18.91,1969.7,0.85,317.45,0.0
Elétrico,Eletricidade,14.78,2258.58,0.72,241.28,0.0
Combustão,Etanol,10.73,1579.09,5.45,801.98,376620.61
Combustão,Diesel,10.35,1545.54,6.28,937.39,369125.07
Combustão,Gasolina,10.35,2177.09,6.93,1457.92,513107.22
Elétrico,Eletricidade,16.02,1944.35,0.83,259.13,0.0
Combustão,Etanol,10.03,2575.37,5.69,1460.99,650084.46
Combustão,Diesel,12.85,585.67,6.82,310.79,116054.73
Elétrico,Eletricidade,18.79,546.9,0.77,79.28,0.0
Combustão,Gasolina,14.75,1280.12,5.28,458.35,229896.44
Elétrico,Eletricidade,17.83,1421.67,0.8,202.54,0.0
Combustão,Etanol,14.63,1439.05,5.73,563.92,233948.54
Combustão,Gasolina,10.45,2101.15,5.08,1020.87,536960.16
Combustão,Etanol,5.06,2390.5,5.69,2687.19,1177463.65
Combustão,Diesel,11.76,2757.62,5.89,1382.21,584425.87
Elétrico,Eletricidade,15.07,617.23,0.84,78.6,0.0
Combustão,Gasolina,12.43,1059.56,5.44,463.64,213237.71
Combustão,Etanol,13.99,1690.38,6.81,822.97,285323.78
Combustão,Gasolina,14.91,2668.53,5.52,987.97,427690.1
Elétrico,Eletricidade,12.07,1899.68,0.79,181.33,0.0
Combustão,Etanol,13.81,2547.74,6.95,1282.23,444583.51
Combustão,Gasolina,12.74,946.76,6.7,498.0,183726.32
Combustão,Etanol,10.57,1263.27,6.68,797.87,305205.34
Elétrico,Eletricidade,15.47,2919.99,0.77,349.77,0.0
Elétrico,Eletricidade,16.98,2874.15,0.76,370.63,0.0
Combustão,Gasolina,8.76,1973.36,5.97,1345.32,544105.94
Combustão,Etanol,13.18,801.63,5.28,320.91,155859.24
Combustão,Etanol,9.73,1224.43,5.34,671.66,299030.34
Combustão,Gasolina,11.08,769.77,6.21,431.09,162371.9
Elétrico,Eletricidade,17.15,685.39,0.85,99.36,0.0
Combustão,Diesel,13.74,2351.03,6.77,1158.28,402981.76
Combustão,Gasolina,6.28,1006.36,5.37,860.88,401779.39
Combustão,Diesel,10.78,940.72,5.0,436.54,217424.76
Elétrico,Eletricidade,13.17,1081.58,0.84,119.97,0.0
Elétrico,Eletricidade,17.7,1669.15,0.89,262.22,0.0
Elétrico,Eletricidade,12.2,1099.41,0.78,104.33,0.0
Combustão,Etanol,9.68,1109.61,5.82,667.13,300904.51
Combustão,Gasolina,14.52,1922.76,6.41,848.44,326683.74
Combustão,Diesel,6.92,1877.0,5.74,1558.37,704410.01
Elétrico,Eletricidade,13.92,1397.62,0.86,167.83,0.0
Elétrico,Eletricidade,12.95,1759.47,0.74,168.54,0.0
Elétrico,Eletricidade,12.84,1757.59,0.8,180.05,0.0
Combustão,Etanol,6.67,1172.84,6.72,1181.92,414633.84
Elétrico,Eletricidade,14.58,1754.25,0.89,228.45,0.0
Combustão,Gasolina,10.3,2766.23,5.96,1600.54,634528.58
Elétrico,Eletricidade,17.76,1372.57,0.77,188.59,0.0
Combustão,Diesel,8.65,1269.52,5.37,788.8,376228.65
Combustão,Gasolina,8.31,1078.27,5.98,775.73,339031.28
Combustão,Gasolina,7.85,1776.13,5.14,1162.85,578910.16
Combustão,Gasolina,12.47,2122.11,6.24,1061.18,459096.52
Elétrico,Eletricidade,14.11,2828.42,0.77,307.56,0.0
Combustão,Diesel,14.7,647.77,5.01,220.95,115763.87
Elétrico,Eletricidade,12.5,981.66,0.73,89.62,0.0
Elétrico,Eletricidade,12.16,514.63,0.8,50.24,0.0
Elétrico,Eletricidade,13.15,1616.35,0.75,159.86,0.0
Combustão,Gasolina,9.72,2904.05,5.17,1543.67,750918.6
Combustão,Etanol,5.22,2403.12,5.65,2599.44,1141943.07
Combustão,Diesel,12.08,692.24,5.99,343.37,154156.65
Elétrico,Eletricidade,13.18,571.4,0.85,63.8,0.0
Combustão,Diesel,9.05,1127.28,6.27,781.62,310502.97
Combustão,Diesel,8.59,1924.45,5.1,1141.98,567221.57
Elétrico,Eletricidade,17.25,2390.03,0.86,353.93,0.0
Elétrico,Eletricidade,17.17,1172.5,0.71,142.77,0.0
Elétrico,Eletricidade,15.84,2279.62,0.71,256.13,0.0
Combustão,Diesel,10.76,1037.58,5.97,575.96,238718.97
Elétrico,Eletricidade,14.85,2429.99,0.77,278.23,0.0
Combustão,Etanol,9.43,2057.3,5.53,1206.03,575694.43
Elétrico,Eletricidade,13.7,984.63,0.79,106.38,0.0
Combustão,Diesel,5.13,687.55,6.61,886.45,317316.21
Elétrico,Eletricidade,12.53,1263.0,0.7,110.75,0.0
Elétrico,Eletricidade,14.1,781.74,0.78,85.7,0.0
Combustão,Diesel,5.87,2079.11,6.1,2158.8,949314.0
Elétrico,Eletricidade,17.06,604.4,0.76,78.42,0.0
Combustão,Gasolina,11.75,623.61,6.1,324.01,139904.16
Combustão,Diesel,12.3,2707.39,6.68,1469.67,578944.08
Combustão,Gasolina,5.29,1500.6,5.02,1425.13,739765.01
Elétrico,Eletricidade,17.51,1031.93,0.83,149.96,0.0
Combustão,Gasolina,6.52,1068.57,5.76,944.68,414775.28
Elétrico,Eletricidade,18.49,812.52,0.87,130.92,0.0
Combustão,Etanol,11.2,1320.6,5.98,705.37,306557.08
Combustão,Diesel,14.15,1309.16,5.31,491.39,213404.98
Combustão,Etanol,10.06,1098.87,6.85,748.61,286905.42
Combustão,Etanol,9.71,808.51,6.12,509.25,220397.61
Combustão,Etanol,8.62,1573.07,5.47,998.31,489457.79
Combustão,Gasolina,5.33,2109.75,5.76,2278.86,979709.87
Combustão,Etanol,12.99,2610.29,6.15,1236.53,516501.32
Elétrico,Eletricidade,13.67,2000.35,0.89,242.93,0.0
Elétrico,Eletricidade,14.35,995.77,0.75,107.28,0.0
Elétrico,Eletricidade,17.47,1946.62,0.82,279.41,0.0
Combustão,Diesel,13.4,2316.74,5.71,987.62,429148.41
Combustão,Gasolina,13.0,2173.57,6.15,1029.25,406843.8
Elétrico,Eletricidade,19.45,2222.77,0.85,365.27,0.0
Combustão,Etanol,5.96,940.56,6.16,971.27,396569.14
Elétrico,Eletricidade,13.06,2887.91,0.81,304.54,0.0
Elétrico,Eletricidade,18.59,1242.55,0.88,202.47,0.0
Elétrico,Eletricidade,13.59,1898.06,0.76,196.42,0.0
Elétrico,Eletricidade,13.52,1936.89,0.84,220.83,0.0
Combustão,Etanol,6.65,939.19,5.65,798.56,374243.21
Elétrico,Eletricidade,15.01,2817.67,0.76,322.36,0.0
Combustão,Etanol,12.92,1809.64,6.91,967.6,364632.48
Elétrico,Eletricidade,19.47,1884.79,0.75,275.72,0.0
Elétrico,Eletricidade,17.48,1737.09,0.74,223.56,0.0
Combustão,Diesel,8.76,2747.3,6.0,1881.77,731667.11
Elétrico,Eletricidade,18.6,1015.47,0.8,151.8,0.0
Elétrico,Eletricidade,12.69,1921.38,0.83,203.03,0.0
Elétrico,Eletricidade,13.58,1491.33,0.74,149.91,0.0
Combustão,Etanol,9.57,1125.35,5.11,601.45,295914.8
Combustão,Gasolina,5.29,2712.53,6.19,3176.9,1269602.38
Combustão,Etanol,14.97,2095.04,6.24,873.77,361342.79
Elétrico,Eletricidade,18.35,1526.32,0.9,251.2,0.0
Combustão,Diesel,14.17,2714.37,6.8,1302.08,468373.02
Combustão,Diesel,10.96,1457.98,5.15,684.96,352876.47
Combustão,Etanol,10.83,2262.74,5.79,1210.37,505055.42
Elétrico,Eletricidade,17.37,596.78,0.72,75.04,0.0
Elétrico,Eletricidade,17.14,1276.24,0.7,154.01,0.0
Elétrico,Eletricidade,16.04,742.12,0.79,93.88,0.0
Elétrico,Eletricidade,15.5,1371.01,0.79,167.74,0.0
Elétrico,Eletricidade,18.91,2790.37,0.76,401.48,0.0
Elétrico,Eletricidade,13.41,1743.17,0.87,203.95,0.0
Combustão,Gasolina,9.08,2622.36,6.3,1819.7,742149.78
Elétrico,Eletricidade,18.4,970.39,0.71,125.89,0.0
Combustão,Etanol,6.24,1235.39,6.56,1300.01,510499.89
Combustão,Etanol,6.2,2996.94,5.61,2711.13,1208144.7
Elétrico,Eletricidade,13.37,2029.77,0.84,228.81,0.0
Elétrico,Eletricidade,19.6,1093.51,0.88,188.25,0.0
Combustão,Etanol,8.06,1449.84,6.2,1113.96,466017.45
Combustão,Diesel,11.62,2580.21,6.07,1347.57,533070.58
Combustão,Etanol,14.78,1107.57,6.59,494.08,189878.3
Elétrico,Eletricidade,13.3,779.46,0.75,77.83,0.0
Combustão,Gasolina,13.9,1809.69,5.57,725.07,305307.56
Combustão,Etanol,7.78,2834.77,5.77,2102.62,850593.93
Combustão,Diesel,10.37,2632.94,5.5,1398.22,593540.68
Combustão,Gasolina,9.14,503.58,5.45,300.35,138483.24
Elétrico,Eletricidade,15.46,1692.88,0.88,231.09,0.0
Elétrico,Eletricidade,13.35,1282.47,0.84,143.32,0.0
Combustão,Gasolina,14.27,1612.63,6.76,763.24,299855.1
Elétrico,Eletricidade,16.57,1937.27,0.76,244.8,0.0
Elétrico,Eletricidade,18.58,794.3,0.86,126.75,0.0
Combustão,Gasolina,8.99,2882.8,5.72,1835.82,777934.92
Elétrico,Eletricidade,18.43,2600.19,0.87,415.83,0.0
Elétrico,Eletricidade,12.34,2661.9,0.8,261.98,0.0
Elétrico,Eletricidade,16.12,2034.28,0.8,263.12,0.0
Combustão,Etanol,9.93,1026.29,6.51,673.42,265971.45
Combustão,Diesel,9.9,1731.85,6.15,1075.85,448816.25
Combustão,Gasolina,13.42,1516.9,6.91,781.25,271714.01
Combustão,Diesel,5.15,1163.16,5.83,1314.67,540601.33
Elétrico,Eletricidade,19.91,2585.65,0.85,437.17,0.0
Combustão,Etanol,6.14,2092.13,5.67,1931.76,831540.68
Combustão,Etanol,7.52,1558.77,6.35,1314.59,545307.79
Elétrico,Eletricidade,16.31,2965.75,0.81,390.07,0.0
Combustão,Diesel,11.68,2017.79,6.78,1172.11,452299.59
Elétrico,Eletricidade,12.3,1806.54,0.75,167.11,0.0
Elétrico,Eletricidade,14.18,2226.55,0.72,228.22,0.0
Combustão,Gasolina,13.96,2185.43,6.67,1044.97,415456.83
Elétrico,Eletricidade,14.1,997.06,0.76,107.5,0.0
Combustão,Diesel,9.14,1836.45,6.6,1325.59,520796.47
Elétrico,Eletricidade,12.35,2444.82,0.73,221.89,0.0
Combustão,Gasolina,11.92,1168.51,6.52,639.51,246680.06
Combustão,Gasolina,10.83,2260.45,6.9,1439.8,552788.02
Elétrico,Eletricidade,14.72,2533.23,0.85,315.96,0.0
Combustão,Diesel,11.68,2234.0,6.03,1153.7,509602.95
Elétrico,Eletricidade,17.36,1323.56,0.88,201.77,0.0
Combustão,Etanol,13.27,1591.49,6.37,764.67,310420.22
Combustão,Diesel,5.85,2271.43,5.99,2325.59,908861.06
Elétrico,Eletricidade,14.87,1297.17,0.86,166.69,0.0
Combustão,Gasolina,5.6,2939.57,6.53,3427.13,1417168.22
Combustão,Gasolina,10.96,2246.34,6.31,1292.56,503300.14
Combustão,Gasolina,14.85,1219.92,5.99,491.79,208422.1
Combustão,Gasolina,10.27,1669.79,5.41,879.91,385892.0
Elétrico,Eletricidade,17.77,1607.31,0.84,241.03,0.0
Combustão,Diesel,6.39,580.02,5.18,469.95,235149.0
Elétrico,Eletricidade,19.36,2959.3,0.78,444.67,0.0
Combustão,Etanol,8.72,2310.93,6.7,1775.53,631448.06
Elétrico,Eletricidade,18.73,1139.29,0.79,168.38,0.0
Combustão,Etanol,11.23,2630.73,6.84,1601.98,615832.54
Combustão,Etanol,11.32,872.15,6.24,480.44,192520.04
Elétrico,Eletricidade,19.95,1502.16,0.76,229.16,0.0
Combustão,Diesel,10.69,2157.43,6.19,1250.39,519000.85
Combustão,Gasolina,9.35,847.97,6.74,611.52,228162.29
Combustão,Gasolina,5.12,1000.18,6.17,1205.34,479808.9
Combustão,Diesel,13.95,756.37,5.7,309.28,124939.09
Elétrico,Eletricidade,15.55,1924.36,0.74,222.09,0.0
Elétrico,Eletricidade,14.12,1071.75,0.72,109.61,0.0
Elétrico,Eletricidade,17.23,1307.31,0.83,186.89,0.0
Elétrico,Eletricidade,18.35,1582.99,0.74,215.41,0.0
Elétrico,Eletricidade,16.85,917.24,0.75,115.24,0.0
Elétrico,Eletricidade,19.29,702.03,0.78,106.12,0.0
Elétrico,Eletricidade,14.45,1436.94,0.81,167.27,0.0
Elétrico,Eletricidade,15.66,2380.54,0.84,311.99,0.0
Combustão,Etanol,14.52,2296.15,6.11,966.42,402236.82
Elétrico,Eletricidade,16.21,1071.89,0.88,152.75,0.0
Elétrico,Eletricidade,15.18,2023.0,0.87,266.71,0.0
Combustão,Etanol,9.78,2062.17,6.13,1292.69,507175.57
Elétrico,Eletricidade,15.02,2285.04,0.79,269.75,0.0
Combustão,Gasolina,11.34,1233.46,5.68,617.62,272972.82
Elétrico,Eletricidade,12.93,2075.77,0.71,189.32,0.0
Elétrico,Eletricidade,15.1,1369.1,0.87,180.79,0.0
Elétrico,Eletricidade,16.2,2406.67,0.84,326.55,0.0
Elétrico,Eletricidade,16.95,1014.45,0.74,126.72,0.0
Combustão,Etanol,12.89,2539.5,6.02,1186.71,519024.61
Combustão,Diesel,7.45,2419.65,5.13,1665.11,846473.73
Elétrico,Eletricidade,18.41,1526.34,0.85,238.23,0.0
Elétrico,Eletricidade,13.82,2894.53,0.82,326.43,0.0
Combustão,Gasolina,11.22,2078.97,5.05,935.66,480903.85
Combustão,Etanol,6.12,2156.92,5.8,2043.03,945196.12
Combustão,Etanol,8.98,2781.18,6.78,2098.35,731735.85
Elétrico,Eletricidade,18.69,1839.75,0.8,276.01,0.0
Combustão,Etanol,14.13,836.69,6.57,388.98,149945.46
Combustão,Etanol,5.7,1228.2,6.66,1435.44,537093.99
Elétrico,Eletricidade,14.23,2266.79,0.88,284.86,0.0
Elétrico,Eletricidade,14.45,715.12,0.87,89.42,0.0
Elétrico,Eletricidade,14.59,2245.76,0.75,247.04,0.0
Elétrico,Eletricidade,12.89,1867.82,0.75,179.83,0.0
Elétrico,Eletricidade,16.21,1185.0,0.85,164.17,0.0
Elétrico,Eletricidade,19.32,1139.26,0.7,154.69,0.0
Combustão,Gasolina,9.15,1682.06,6.65,1222.11,454660.0
Elétrico,Eletricidade,18.48,1964.55,0.71,259.12,0.0
Elétrico,Eletricidade,15.12,1258.18,0.89,168.96,0.0
Combustão,Gasolina,6.12,690.6,5.85,660.62,282220.33
Combustão,Diesel,5.18,2698.38,6.66,3464.99,1267780.83
Elétrico,Eletricidade,12.43,2153.25,0.87,232.29,0.0
Combustão,Etanol,13.38,2190.62,6.13,1004.37,386011.72
Elétrico,Eletricidade,17.27,2694.34,0.85,394.44,0.0
Combustão,Gasolina,8.54,2230.57,6.27,1637.06,616492.45
Elétrico,Eletricidade,19.65,1260.22,0.72,179.0,0.0
Combustão,Gasolina,12.09,1988.68,5.19,853.69,443962.51
Combustão,Diesel,6.36,1162.78,6.57,1200.32,444218.49
Combustão,Etanol,5.43,2343.1,6.65,2869.51,1074922.92
Elétrico,Eletricidade,12.14,2259.82,0.74,202.71,0.0
Elétrico,Eletricidade,13.76,2425.34,0.71,237.87,0.0
Combustão,Diesel,10.3,2091.14,5.1,1035.0,483490.72
Elétrico,Eletricidade,12.73,2264.02,0.8,230.83,0.0
Combustão,Gasolina,6.74,2502.69,5.42,2013.33,888607.89
Elétrico,Eletricidade,17.66,2707.82,0.89,427.07,0.0
Elétrico,Eletricidade,17.99,2684.49,0.78,377.29,0.0
Combustão,Etanol,6.3,2066.02,6.73,2205.42,868536.0
Elétrico,Eletricidade,14.82,2324.72,0.72,247.76,0.0
Combustão,Gasolina,5.87,906.69,5.19,800.99,363620.04
Combustão,Etanol,11.49,1085.75,5.75,543.08,229130.74
Elétrico,Eletricidade,16.31,2858.02,0.87,405.95,0.0
Combustão,Gasolina,14.73,2890.87,6.8,1334.5,507417.77
Combustão,Gasolina,7.59,1351.55,6.36,1133.11,463973.09
Combustão,Diesel,6.65,2765.72,6.09,2530.31,1100092.69
Combustão,Diesel,11.11,933.52,5.18,434.89,222837.91
Combustão,Gasolina,10.9,2743.57,6.07,1528.84,618476.49
Elétrico,Eletricidade,16.05,1968.08,0.8,251.16,0.0
Combustão,Etanol,10.84,1975.99,5.95,1083.94,421089.63
Elétrico,Eletricidade,15.24,1412.82,0.88,189.01,0.0
Combustão,Gasolina,7.34,1228.23,6.35,1063.12,391297.93
Combustão,Gasolina,6.56,1180.6,6.14,1104.32,415597.4
Elétrico,Eletricidade,12.8,2216.01,0.78,222.26,0.0
Combustão,Etanol,6.79,1703.63,6.21,1558.84,579870.12
Combustão,Diesel,13.45,843.44,6.29,394.76,157665.32
Combustão,Gasolina,11.5,1974.69,5.73,983.49,418536.68
Combustão,Etanol,6.2,995.6,5.74,921.55,429249.8
Elétrico,Eletricidade,12.09,2039.02,0.7,172.67,0.0
Combustão,Diesel,12.61,2482.92,6.44,1267.62,515875.24
Combustão,Diesel,11.03,1273.56,6.46,746.18,293581.35
Combustão,Etanol,12.21,1816.52,6.01,893.88,375545.52
Elétrico,Eletricidade,19.06,1820.69,0.84,291.1,0.0
Elétrico,Eletricidade,17.15,1459.06,0.88,221.05,0.0
Combustão,Diesel,7.93,2139.89,5.1,1375.63,718748.03
Elétrico,Eletricidade,13.33,878.95,0.72,84.2,0.0
Elétrico,Eletricidade,13.8,640.41,0.73,64.79,0.0
Elétrico,Eletricidade,17.01,2914.12,0.7,347.8,0.0
Combustão,Etanol,11.28,2786.43,6.07,1498.76,616915.89
Elétrico,Eletricidade,15.8,1079.94,0.84,142.55,0.0
Elétrico,Eletricidade,17.19,2293.13,0.84,332.67,0.0
Combustão,Etanol,12.91,2517.14,5.23,1018.73,455270.47
Combustão,Gasolina,14.82,969.46,6.87,448.97,150565.49
Combustão,Diesel,9.2,2943.8,6.5,2079.76,821070.64
Elétrico,Eletricidade,15.88,1950.45,0.78,241.79,0.0
Elétrico,Eletricidade,17.67,1623.17,0.83,237.11,0.0
Elétrico,Eletricidade,18.43,819.9,0.74,112.03,0.0
Elétrico,Eletricidade,18.84,2240.25,0.82,347.37,0.0
Combustão,Gasolina,11.73,636.61,6.1,331.03,129648.92
Elétrico,Eletricidade,12.45,2435.46,0.71,214.84,0.0
Elétrico,Eletricidade,18.49,1013.32,0.85,159.37,0.0
Elétrico,Eletricidade,13.86,1744.96,0.77,187.07,0.0
Combustão,Gasolina,11.17,680.16,6.47,394.28,156993.24
Elétrico,Eletricidade,15.25,1461.69,0.77,171.31,0.0
Elétrico,Eletricidade,14.56,1163.47,0.88,149.54,0.0
Combustão,Etanol,8.12,643.93,5.11,405.36,207582.81
Elétrico,Eletricidade,18.02,1474.52,0.73,194.58,0.0
Elétrico,Eletricidade,14.39,1083.47,0.79,122.62,0.0
Elétrico,Eletricidade,12.6,808.67,0.78,79.5,0.0
Elétrico,Eletricidade,18.27,1209.82,0.79,174.71,0.0
Combustão,Gasolina,12.47,2044.47,6.55,1073.77,424332.87
Elétrico,Eletricidade,14.64,2650.64,0.89,346.35,0.0
Elétrico,Eletricidade,18.34,1102.95,0.79,159.31,0.0
Elétrico,Eletricidade,17.77,787.43,0.7,98.55,0.0
Elétrico,Eletricidade,12.34,654.22,0.88,70.88,0.0
Elétrico,Eletricidade,19.68,1917.99,0.79,296.88,0.0
Elétrico,Eletricidade,12.68,2584.65,0.84,274.02,0.0
Combustão,Etanol,6.11,2897.08,6.48,3073.23,1104122.75
Combustão,Diesel,10.56,1180.33,6.92,773.24,260123.27
Elétrico,Eletricidade,19.6,2637.35,0.82,421.93,0.0
Elétrico,Eletricidade,17.76,602.09,0.75,80.34,0.0
Elétrico,Eletricidade,16.31,980.69,0.81,129.7,0.0
Elétrico,Eletricidade,16.1,1153.97,0.83,155.07,0.0
Elétrico,Eletricidade,12.69,572.39,0.74,53.53,0.0
Elétrico,Eletricidade,16.88,1818.72,0.89,274.66,0.0
Combustão,Gasolina,10.69,2210.18,5.43,1122.94,490743.21
Combustão,Etanol,14.74,2787.96,6.13,1160.37,497222.8
Elétrico,Eletricidade,13.65,2202.42,0.86,259.34,0.0
Combustão,Etanol,12.77,2891.52,6.14,1389.09,548012.27
Combustão,Etanol,11.6,1988.53,5.28,904.59,437806.62
Combustão,Gasolina,7.93,2179.02,5.72,1572.42,678624.94
Combustão,Diesel,14.4,2611.77,6.39,1159.72,469236.31
Combustão,Etanol,10.36,1991.86,5.76,1107.03,510224.77
Combustão,Etanol,13.57,2792.2,6.37,1310.63,535735.75
Elétrico,Eletricidade,13.72,1601.46,0.82,181.17,0.0
Elétrico,Eletricidade,15.93,850.11,0.78,105.18,0.0
Combustão,Gasolina,14.35,716.49,5.92,295.57,128083.28
Elétrico,Eletricidade,18.61,1060.05,0.81,159.18,0.0
Combustão,Diesel,8.42,1183.29,6.26,879.37,330163.81
Elétrico,Eletricidade,12.88,894.46,0.78,89.53,0.0
Elétrico,Eletricidade,12.33,2222.77,0.82,225.91,0.0
Combustão,Etanol,8.74,1764.97,5.74,1159.88,473043.19
Combustão,Gasolina,13.78,2081.99,5.74,867.61,353819.68
Elétrico,Eletricidade,13.05,2621.69,0.84,286.42,0.0
Elétrico,Eletricidade,18.81,2836.95,0.88,469.13,0.0
Combustão,Etanol,5.04,2790.21,6.76,3742.02,1393780.18
Combustão,Etanol,11.5,2054.46,5.98,1068.0,413626.6
Combustão,Diesel,7.45,741.47,5.56,553.68,235768.29
Elétrico,Eletricidade,19.77,1342.25,0.74,196.38,0.0
Combustão,Gasolina,5.95,2936.34,5.63,2778.28,1326986.59
Combustão,Gasolina,11.22,1267.13,6.48,731.57,271445.03
Elétrico,Eletricidade,19.37,2646.68,0.74,380.89,0.0
Combustão,Diesel,10.88,2393.03,6.61,1453.42,573122.27
Combustão,Diesel,10.86,542.97,5.97,298.49,134708.06
Combustão,Diesel,8.95,2603.29,6.74,1960.89,726566.84
Elétrico,Eletricidade,18.34,2672.48,0.8,390.75,0.0
Combustão,Diesel,9.65,519.84,6.74,362.92,125131.76
Combustão,Etanol,7.07,914.58,6.31,816.42,307167.39
Combustão,Diesel,13.72,2226.83,6.45,1047.0,387480.07
Combustão,Gasolina,12.78,2738.19,5.85,1253.97,505267.75
Elétrico,Eletricidade,15.29,1358.22,0.83,171.77,0.0
Elétrico,Eletricidade,14.86,1255.55,0.88,164.89,0.0
Combustão,Diesel,14.96,1449.58,6.53,632.86,260225.35
Combustão,Diesel,14.81,2050.71,6.06,838.52,373539.42
Combustão,Diesel,13.63,2382.23,5.77,1008.88,403877.74
Elétrico,Eletricidade,18.04,2491.26,0.73,329.96,0.0
Elétrico,Eletricidade,15.51,1578.93,0.74,180.45,0.0
Elétrico,Eletricidade,13.86,2816.93,0.85,332.83,0.0
Combustão,Etanol,8.76,1455.48,5.72,951.23,390921.46
Combustão,Diesel,6.27,1420.61,6.48,1467.35,563590.65
Combustão,Gasolina,5.69,1854.85,5.86,1910.06,829985.6
Elétrico,Eletricidade,15.94,2020.81,0.76,244.81,0.0
Elétrico,Eletricidade,17.94,2606.73,0.85,398.71,0.0
Elétrico,Eletricidade,14.59,2087.87,0.84,254.77,0.0
Elétrico,Eletricidade,17.28,1647.21,0.8,227.59,0.0
Combustão,Etanol,5.72,1420.93,6.24,1549.21,614952.87
Elétrico,Eletricidade,14.16,2823.56,0.74,296.38,0.0
Elétrico,Eletricidade,13.96,1019.52,0.71,101.63,0.0
Elétrico,Eletricidade,15.36,1731.62,0.73,194.33,0.0
Elétrico,Eletricidade,19.14,2946.79,0.84,475.03,0.0
Elétrico,Eletricidade,18.99,639.32,0.8,97.66,0.0
Combustão,Diesel,9.94,1222.67,6.4,787.61,303196.48
Elétrico,Eletricidade,17.86,1864.68,0.8,265.75,0.0
Elétrico,Eletricidade,13.82,1876.01,0.82,211.44,0.0
Elétrico,Eletricidade,14.82,511.26,0.7,53.19,0.0
Elétrico,Eletricidade,14.92,2834.12,0.77,323.67,0.0
Combustão,Etanol,7.8,1183.76,5.69,864.67,394766.91
Combustão,Gasolina,14.82,1630.06,5.59,614.54,280354.56
Combustão,Diesel,13.58,1757.96,5.67,733.43,342315.58
Combustão,Diesel,11.36,2871.78,5.95,1503.75,630465.84
Elétrico,Eletricidade,16.19,1716.54,0.73,203.64,0.0
Combustão,Gasolina,11.44,686.17,6.56,393.63,152633.75
Combustão,Gasolina,6.44,2897.56,6.06,2725.87,1038205.41
Elétrico,Eletricidade,13.11,829.19,0.78,85.16,0.0
Elétrico,Eletricidade,14.98,1716.11,0.87,223.57,0.0
Combustão,Diesel,5.93,2370.14,6.26,2502.32,1059290.12
Elétrico,Eletricidade,16.59,1955.52,0.81,262.84,0.0
Elétrico,Eletricidade,16.29,1628.31,0.73,192.67,0.0
Combustão,Etanol,6.34,664.45,5.95,624.01,266083.37
Elétrico,Eletricidade,12.4,2337.76,0.89,257.83,0.0
Elétrico,Eletricidade,17.42,2308.54,0.74,296.68,0.0
Combustão,Gasolina,10.37,1208.53,6.98,813.07,311475.91
Combustão,Gasolina,9.79,794.28,6.98,566.28,208829.91
Combustão,Etanol,12.06,2545.64,5.28,1113.58,554212.61
Combustão,Diesel,11.08,1506.89,6.81,926.27,324295.97
Elétrico,Eletricidade,12.94,1075.53,0.74,103.47,0.0
Elétrico,Eletricidade,18.26,1249.27,0.79,180.16,0.0
Combustão,Gasolina,7.31,1233.17,6.86,1157.12,439679.23
Combustão,Diesel,6.61,2399.93,6.71,2433.56,909717.4
Combustão,Gasolina,11.8,1050.33,5.67,504.91,240010.51
Combustão,Gasolina,6.59,1743.86,5.06,1338.7,707489.45
Elétrico,Eletricidade,12.59,992.08,0.84,105.2,0.0
Elétrico,Eletricidade,16.12,2633.69,0.84,356.01,0.0
Elétrico,Eletricidade,16.44,2975.69,0.81,395.61,0.0
Elétrico,Eletricidade,18.26,566.89,0.87,90.33,0.0
Elétrico,Eletricidade,16.08,1416.24,0.87,198.17,0.0
Elétrico,Eletricidade,17.67,969.36,0.8,137.66,0.0
Elétrico,Eletricidade,16.99,1869.85,0.73,231.04,0.0
Combustão,Diesel,8.16,2914.47,6.93,2476.15,929220.46
Elétrico,Eletricidade,19.64,1570.49,0.8,247.81,0.0
Combustão,Gasolina,6.07,886.72,5.84,853.03,389047.28
Combustão,Etanol,14.71,781.59,6.79,361.04,128760.68
Combustão,Etanol,5.01,567.68,6.87,778.01,288892.6
Elétrico,Eletricidade,15.62,2708.22,0.75,316.31,0.0
Elétrico,Eletricidade,14.22,940.91,0.89,119.13,0.0
Combustão,Gasolina,10.78,2147.42,5.85,1165.12,473964.08
Elétrico,Eletricidade,12.21,862.27,0.87,91.53,0.0
Elétrico,Eletricidade,16.07,716.48,0.84,96.55,0.0
Elétrico,Eletricidade,14.05,898.74,0.78,98.93,0.0
Elétrico,Eletricidade,18.37,2633.16,0.84,406.64,0.0
Combustão,Gasolina,13.58,2962.74,6.58,1434.72,529022.0
Combustão,Diesel,11.37,1240.97,5.23,571.02,272611.97
Combustão,Etanol,6.4,2838.42,6.76,2996.27,1141451.56
Elétrico,Eletricidade,17.69,2788.75,0.85,417.5,0.0
Combustão,Etanol,6.68,2669.18,5.19,2072.45,1035972.14
Combustão,Diesel,6.38,2801.95,5.85,2568.76,1122210.15
Elétrico,Eletricidade,17.1,2882.38,0.77,381.09,0.0
Elétrico,Eletricidade,17.02,2979.83,0.75,381.23,0.0
Combustão,Diesel,6.05,663.9,5.86,643.36,283776.51
Combustão,Gasolina,7.38,1653.22,6.55,1466.73,561424.71
Combustão,Gasolina,11.78,2800.26,5.6,1330.02,585410.17
Combustão,Gasolina,12.32,2778.94,6.06,1366.96,532002.76
Elétrico,Eletricidade,19.61,2882.08,0.74,419.19,0.0
Combustão,Etanol,8.43,1973.36,6.16,1442.97,561348.17
Combustão,Etanol,11.32,2700.89,6.98,1664.62,598151.99
Combustão,Etanol,11.6,1711.64,5.62,828.5,367440.88
Elétrico,Eletricidade,15.23,2153.37,0.78,254.56,0.0
Combustão,Gasolina,11.92,1000.65,6.51,546.32,210396.59
Combustão,Gasolina,6.51,655.8,5.13,516.76,270968.63
Elétrico,Eletricidade,14.96,1152.1,0.84,144.61,0.0
Combustão,Etanol,14.52,1066.4,6.23,457.44,185426.96
Combustão,Gasolina,7.19,2765.12,5.57,2143.14,1019847.48
Elétrico,Eletricidade,17.18,597.4,0.88,90.05,0.0
Elétrico,Eletricidade,14.42,1084.98,0.79,123.29,0.0
Combustão,Etanol,8.69,1203.99,6.29,870.71,365319.94
Combustão,Gasolina,13.22,2570.76,5.86,1139.33,455273.59
Combustão,Etanol,11.02,2472.61,5.48,1230.63,524657.71
Elétrico,Eletricidade,13.51,1686.58,0.76,173.8,0.0
Combustão,Gasolina,12.37,2073.44,5.08,851.22,420759.5
Elétrico,Eletricidade,18.48,2791.34,0.89,461.5,0.0
Elétrico,Eletricidade,12.46,2016.2,0.89,222.68,0.0
Combustão,Etanol,7.18,507.39,6.54,462.31,182808.34
Elétrico,Eletricidade,12.66,844.34,0.83,89.06,0.0
Elétrico,Eletricidade,12.26,2707.12,0.83,276.38,0.0
Combustão,Diesel,14.88,1749.95,5.84,686.48,312824.75
Combustão,Gasolina,14.3,2667.3,6.71,1252.2,442661.97
Combustão,Etanol,11.82,1981.28,6.42,1076.29,422419.09
Elétrico,Eletricidade,12.1,1397.1,0.74,125.42,0.0
Elétrico,Eletricidade,13.15,2914.54,0.86,328.54,0.0
Combustão,Etanol,14.33,2058.82,5.87,842.74,358558.4
Elétrico,Eletricidade,12.89,556.65,0.83,59.89,0.0
Elétrico,Eletricidade,19.67,2245.47,0.75,330.99,0.0
Elétrico,Eletricidade,16.05,2756.83,0.84,372.52,0.0
Elétrico,Eletricidade,18.86,1567.38,0.73,216.29,0.0
Elétrico,Eletricidade,17.23,979.01,0.83,139.17,0.0
Elétrico,Eletricidade,17.09,766.55,0.82,106.93,0.0
Combustão,Gasolina,10.34,1760.96,6.53,1111.0,397332.7
Combustão,Gasolina,14.54,531.53,6.54,239.27,88085.68
Elétrico,Eletricidade,19.94,832.34,0.82,136.34,0.0
Elétrico,Eletricidade,18.84,957.75,0.79,142.65,0.0
Elétrico,Eletricidade,16.86,2540.96,0.74,317.93,0.0
Combustão,Etanol,13.58,2224.33,6.06,992.28,412918.52
Combustão,Etanol,8.57,1696.73,5.12,1013.88,529199.06
Combustão,Diesel,5.81,850.83,5.2,760.95,385556.84
Combustão,Etanol,11.75,1733.37,6.69,986.62,395955.12
Elétrico,Eletricidade,12.07,2281.44,0.7,192.73,0.0
Combustão,Etanol,8.55,575.09,5.62,378.22,180247.45
Elétrico,Eletricidade,17.9,1979.14,0.87,308.82,0.0
Elétrico,Eletricidade,18.26,1271.5,0.77,179.88,0.0
Combustão,Diesel,14.32,2670.1,5.42,1011.82,482527.12
Elétrico,Eletricidade,16.34,1668.71,0.77,210.81,0.0
Elétrico,Eletricidade,18.4,900.56,0.78,129.07,0.0
Elétrico,Eletricidade,16.63,1041.42,0.89,153.91,0.0
Combustão,Etanol,14.26,2240.35,6.76,1061.75,400907.5
Combustão,Gasolina,11.58,1913.53,6.29,1039.02,424381.81
Elétrico,Eletricidade,14.98,2195.98,0.86,282.89,0.0
Elétrico,Eletricidade,12.8,2121.2,0.87,235.92,0.0
Combustão,Gasolina,14.35,1338.84,6.31,588.4,217343.32
Combustão,Diesel,8.43,613.67,5.17,376.38,192370.5
Combustão,Diesel,9.0,1813.44,5.1,1027.88,507919.26
Elétrico,Eletricidade,13.44,773.38,0.75,77.49,0.0
Combustão,Diesel,6.19,1366.66,6.54,1443.96,569718.65
Combustão,Diesel,9.95,594.53,6.17,368.75,139528.1
Elétrico,Eletricidade,18.36,639.8,0.75,88.28,0.0
Elétrico,Eletricidade,13.87,2460.98,0.86,292.09,0.0
Elétrico,Eletricidade,15.75,1818.24,0.83,236.91,0.0
Combustão,Diesel,6.46,2116.34,6.22,2038.88,816263.55
Elétrico,Eletricidade,18.59,2191.26,0.78,317.73,0.0
Combustão,Gasolina,8.77,1326.84,6.89,1042.12,384096.31
Combustão,Etanol,11.87,2197.97,6.84,1266.61,458455.46
Elétrico,Eletricidade,19.31,2959.88,0.8,455.85,0.0
Elétrico,Eletricidade,17.55,901.59,0.81,127.53,0.0
Elétrico,Eletricidade,19.21,2729.14,0.75,393.02,0.0
Elétrico,Eletricidade,18.51,960.67,0.72,128.8,0.0
Combustão,Diesel,11.3,2285.34,5.24,1059.22,489350.11
Elétrico,Eletricidade,14.78,1678.7,0.74,184.27,0.0
Elétrico,Eletricidade,13.3,2900.7,0.78,300.91,0.0
Elétrico,Eletricidade,19.35,2751.67,0.77,412.28,0.0
Elétrico,Eletricidade,16.51,2341.59,0.84,326.27,0.0
Elétrico,Eletricidade,19.67,1385.49,0.82,223.18,0.0
Elétrico,Eletricidade,15.4,2858.45,0.79,346.55,0.0
Combustão,Etanol,8.55,2179.83,6.9,1760.23,616259.02
Elétrico,Eletricidade,17.18,712.32,0.82,100.63,0.0
Combustão,Etanol,9.9,2749.76,6.29,1747.59,744853.58
Combustão,Gasolina,14.4,1500.49,5.6,583.31,244142.58
Elétrico,Eletricidade,17.23,2875.12,0.8,397.89,0.0
Combustão,Gasolina,5.74,2991.19,5.2,2708.47,1336404.49
Elétrico,Eletricidade,14.05,1803.76,0.7,178.17,0.0
Combustão,Gasolina,8.12,2315.41,6.05,1725.86,714464.81
Elétrico,Eletricidade,15.9,1681.01,0.84,225.54,0.0
Combustão,Etanol,12.13,1531.17,6.44,812.6,324346.54
Combustão,Etanol,10.86,1043.65,5.54,531.93,231533.16
Elétrico,Eletricidade,18.84,2131.36,0.86,344.89,0.0
Elétrico,Eletricidade,17.16,2280.41,0.79,310.37,0.0
Elétrico,Eletricidade,18.93,2820.37,0.73,391.23,0.0
Elétrico,Eletricidade,19.49,2727.17,0.84,446.83,0.0
Elétrico,Eletricidade,13.67,1463.71,0.79,158.47,0.0
Combustão,Diesel,9.06,2997.1,5.62,1859.51,789820.58
Elétrico,Eletricidade,13.56,535.51,0.8,58.14,0.0
Elétrico,Eletricidade,17.3,2874.88,0.8,397.82,0.0
Elétrico,Eletricidade,13.6,1314.18,0.78,138.75,0.0
Combustão,Etanol,8.52,2967.33,5.52,1922.63,883151.52
Combustão,Etanol,14.27,562.15,5.1,200.93,95490.5
Combustão,Etanol,11.09,2338.14,5.57,1174.19,497290.3
Combustão,Diesel,11.91,1507.05,5.97,755.17,306709.96
Combustão,Diesel,7.09,1033.35,5.86,854.79,389899.87
Elétrico,Eletricidade,16.3,1071.27,0.88,152.89,0.0
Elétrico,Eletricidade,16.59,1747.5,0.75,216.43,0.0
Combustão,Etanol,9.32,2595.41,6.97,1940.35,710633.15
Elétrico,Eletricidade,12.45,1113.54,0.87,120.96,0.0
Elétrico,Eletricidade,12.23,2113.55,0.84,216.43,0.0
Combustão,Diesel,5.35,2232.76,6.93,2891.14,1090105.33
Combustão,Gasolina,10.82,1006.78,5.83,542.19,234712.19
Elétrico,Eletricidade,13.95,624.76,0.75,65.23,0.0
Combustão,Etanol,10.9,2343.61,6.24,1341.26,577434.05
Combustão,Diesel,6.5,1292.61,6.33,1257.51,486176.03
Combustão,Diesel,7.55,2859.75,5.16,1955.89,1002024.05
Elétrico,Eletricidade,15.23,669.87,0.76,77.01,0.0
Combustão,Gasolina,6.69,813.3,6.12,744.07,320298.54
Combustão,Etanol,5.75,1080.1,6.48,1216.18,455239.03
Elétrico,Eletricidade,13.82,1372.73,0.72,137.27,0.0
Elétrico,Eletricidade,12.18,2686.57,0.75,244.13,0.0
Combustão,Etanol,7.77,2264.38,5.17,1507.57,774362.09
Combustão,Diesel,13.47,1463.59,6.95,755.45,258297.62
Elétrico,Eletricidade,12.62,1206.39,0.89,135.13,0.0
Combustão,Etanol,7.51,1996.68,5.83,1550.39,613536.88
Elétrico,Eletricidade,14.22,2898.5,0.71,294.44,0.0
Elétrico,Eletricidade,18.97,1958.99,0.85,315.6,0.0
Elétrico,Eletricidade,12.59,2183.0,0.78,214.39,0.0
Elétrico,Eletricidade,13.6,2760.49,0.75,281.14,0.0
Elétrico,Eletricidade,18.55,2382.79,0.79,348.76,0.0
Elétrico,Eletricidade,14.79,943.17,0.74,103.03,0.0
Elétrico,Eletricidade,17.94,1388.79,0.83,205.7,0.0
Combustão,Gasolina,10.27,1588.27,5.35,828.12,373105.91
Elétrico,Eletricidade,14.77,1289.97,0.78,148.14,0.0
Combustão,Diesel,10.52,737.93,5.39,378.22,161774.52
Combustão,Etanol,8.4,2782.02,5.41,1790.25,806444.86
Combustão,Etanol,6.82,993.59,6.1,888.4,354146.68
Elétrico,Eletricidade,15.93,613.76,0.87,84.66,0.0
Combustão,Etanol,13.65,1995.01,6.74,985.28,374009.51
Combustão,Diesel,11.45,2509.83,6.9,1511.0,513470.5
Combustão,Etanol,10.71,1411.35,5.3,698.67,345609.91
Combustão,Etanol,14.78,2095.17,6.06,858.36,339256.27
Combustão,Etanol,6.0,2527.75,6.92,2915.36,1003103.31
Combustão,Etanol,13.11,2929.46,5.59,1248.97,558832.74
Combustão,Gasolina,12.73,1664.76,5.28,690.99,315221.51
Elétrico,Eletricidade,12.33,2036.97,0.85,213.5,0.0
Elétrico,Eletricidade,18.99,511.79,0.7,68.11,0.0
Combustão,Diesel,6.88,2416.35,6.47,2271.86,854329.75
Elétrico,Eletricidade,12.56,2415.78,0.74,225.58,0.0
Elétrico,Eletricidade,14.09,1433.86,0.87,174.76,0.0
Elétrico,Eletricidade,14.3,2896.55,0.78,324.13,0.0
Combustão,Etanol,7.84,2452.84,6.14,1920.13,742497.2
Combustão,Diesel,12.42,2235.21,6.51,1171.47,480140.55
Elétrico,Eletricidade,14.52,540.32,0.78,61.04,0.0
Combustão,Etanol,11.1,2637.26,6.93,1646.0,620167.85
Elétrico,Eletricidade,14.0,1791.03,0.87,217.44,0.0
Elétrico,Eletricidade,12.74,2486.56,0.84,265.9,0.0
Elétrico,Eletricidade,19.69,611.64,0.78,93.76,0.0
Combustão,Diesel,12.8,1341.88,5.8,607.86,277230.46
Elétrico,Eletricidade,15.15,1747.73,0.75,197.66,0.0
Combustão,Etanol,8.5,2276.26,6.36,1704.8,717816.67
Combustão,Etanol,6.19,1878.71,5.97,1810.27,755618.93
Combustão,Diesel,13.9,2627.08,5.79,1094.16,438304.97
Elétrico,Eletricidade,18.1,2964.4,0.72,386.06,0.0
Elétrico,Eletricidade,15.51,1190.6,0.89,165.15,0.0
Combustão,Diesel,6.82,1428.82,6.39,1338.62,517866.38
Elétrico,Eletricidade,15.51,2204.05,0.79,268.36,0.0
Combustão,Gasolina,11.64,897.88,5.42,418.28,184552.83
Combustão,Gasolina,8.54,2633.45,6.08,1875.41,826877.82
Elétrico,Eletricidade,13.87,1644.02,0.87,198.15,0.0
Elétrico,Eletricidade,14.45,515.98,0.89,66.73,0.0
Combustão,Etanol,14.31,1625.67,6.79,771.35,273027.97
Combustão,Etanol,5.18,606.93,5.33,624.78,283666.36
Elétrico,Eletricidade,15.79,1485.23,0.78,182.81,0.0
Elétrico,Eletricidade,14.32,1715.82,0.79,194.34,0.0
Elétrico,Eletricidade,16.45,2750.07,0.9,406.16,0.0
Combustão,Gasolina,8.78,557.94,5.22,331.85,149929.53
